{"cameraMode":{"drawMode":0,"name":"Shaded","section":"Shading Mode"},"sceneLighting":true,"audioPlay":false,"sceneViewState":{"showFog":false,"showMaterialUpdate":false,"showSkybox":false,"showFlares":false,"showImageEffects":false,"showParticleSystems":true},"in2DMode":false,"pivot":{"x":-313.7735900878906,"y":-33.338600158691409,"z":-70.20409393310547},"rotation":{"x":0.031893424689769748,"y":-0.7821040749549866,"z":0.04016443341970444,"w":0.6210351586341858},"size":351.5491638183594,"orthographic":false}