{"cameraMode":{"drawMode":0,"name":"Shaded","section":"Shading Mode"},"sceneLighting":true,"audioPlay":false,"sceneViewState":{"showFog":false,"showMaterialUpdate":false,"showSkybox":false,"showFlares":false,"showImageEffects":false,"showParticleSystems":true},"in2DMode":false,"pivot":{"x":-41.717376708984378,"y":-13.653407096862793,"z":-6.899402618408203},"rotation":{"x":0.10359442234039307,"y":-0.7373358607292175,"z":0.11620049178600311,"w":0.6573447585105896},"size":73.14012145996094,"orthographic":false}